source_id,ticker,company_name,fiscal_year,source_snapshot_file,source_snapshot_sha256,source_metadata_file,source_metadata_sha256,authority_mode,source_document,pdf_page,row_status,validation_phase,validation_report,source_note,formula_note
BANB.SW-2021,BANB.SW,Bachem Holding AG,2021,BANB.SW_2015_2025_locked_snapshot_v1.csv,cf6077a32d26001d7919e4cd194f171e8b667419254257b4ee8f40c7b49aae72,BANB.SW_2015_2025_locked_snapshot_v1.json,9a3c1df90c5cfcfd82a7c247d16326dd4f488e246dc21b7b8f3afdc034e43066,internal_locked_snapshot,Bachem Holding AG Annual Report 2021,,locked_snapshot,,,FY2021 source is official_company_source annual report PDF.,Candidate snapshot row assembled from validated FY2021 extraction; capex_reported and free_cash_flow_reported remain missing where documented; reported/calculated fields remain separate.
BANB.SW-2022,BANB.SW,Bachem Holding AG,2022,BANB.SW_2015_2025_locked_snapshot_v1.csv,cf6077a32d26001d7919e4cd194f171e8b667419254257b4ee8f40c7b49aae72,BANB.SW_2015_2025_locked_snapshot_v1.json,9a3c1df90c5cfcfd82a7c247d16326dd4f488e246dc21b7b8f3afdc034e43066,internal_locked_snapshot,Bachem Holding AG Annual Report 2022,,locked_snapshot,,,FY2022 source is official_company_source annual report PDF.,Candidate snapshot row assembled from validated FY2022 extraction; capex_reported and free_cash_flow_reported remain missing where documented; reported/calculated fields remain separate.
BANB.SW-2023,BANB.SW,Bachem Holding AG,2023,BANB.SW_2015_2025_locked_snapshot_v1.csv,cf6077a32d26001d7919e4cd194f171e8b667419254257b4ee8f40c7b49aae72,BANB.SW_2015_2025_locked_snapshot_v1.json,9a3c1df90c5cfcfd82a7c247d16326dd4f488e246dc21b7b8f3afdc034e43066,internal_locked_snapshot,Bachem Holding AG Annual Report 2023,,locked_snapshot,,,FY2023 source is official_company_source annual report PDF.,Candidate snapshot row assembled from validated FY2023 extraction; capex_reported and free_cash_flow_reported remain missing where documented; reported/calculated fields remain separate.
BANB.SW-2024,BANB.SW,Bachem Holding AG,2024,BANB.SW_2015_2025_locked_snapshot_v1.csv,cf6077a32d26001d7919e4cd194f171e8b667419254257b4ee8f40c7b49aae72,BANB.SW_2015_2025_locked_snapshot_v1.json,9a3c1df90c5cfcfd82a7c247d16326dd4f488e246dc21b7b8f3afdc034e43066,internal_locked_snapshot,Bachem Holding AG Annual Report 2024,,locked_snapshot,,,FY2024 source is official_company_source annual report PDF.,Candidate snapshot row assembled from validated FY2024 extraction; capex_reported and free_cash_flow_reported remain missing where documented; reported/calculated fields remain separate.
BANB.SW-2025,BANB.SW,Bachem Holding AG,2025,BANB.SW_2015_2025_locked_snapshot_v1.csv,cf6077a32d26001d7919e4cd194f171e8b667419254257b4ee8f40c7b49aae72,BANB.SW_2015_2025_locked_snapshot_v1.json,9a3c1df90c5cfcfd82a7c247d16326dd4f488e246dc21b7b8f3afdc034e43066,internal_locked_snapshot,Bachem Holding AG Annual Report 2025,,locked_snapshot,,,FY2025 source is official_company_source annual report PDF.,Candidate snapshot row assembled from validated FY2025 reference extraction; capex_reported is preserved from reported total investment KPI; free_cash_flow_reported remains missing.
SFZN.SW-2021,SFZN.SW,Siegfried Holding AG,2021,SFZN.SW_2015_2025_locked_snapshot_v1.csv,0c879f1d1086427ab6ca8268f331fad82baeea967cbb5f315fd4ede5439c7d9d,SFZN.SW_2015_2025_locked_snapshot_v1.json,60ccdef83691806ff8c5d8713cc1fa5e58cc905122c8b4de2e9136759419a7f1,external_verified_lock_and_promotion_chain,SFZN.SW_2021.pdf,,validated,3B,reports/extraction/SFZN.SW/SFZN.SW_phase_3B_2023_2021_validation_report.md,"Validated Phase 3B consolidated annual report row; values agree across JSON, raw CSV, and normalized CSV; EPS and DPS remain pre-2025 split basis.",capex_calculated is a negative cash outflow; free_cash_flow_calculated = operating_cf + capex_calculated; equity_ratio_pct = total_equity / total_assets; ebitda = ebit + da when statutory EBIT and D&A are both validated.
SFZN.SW-2022,SFZN.SW,Siegfried Holding AG,2022,SFZN.SW_2015_2025_locked_snapshot_v1.csv,0c879f1d1086427ab6ca8268f331fad82baeea967cbb5f315fd4ede5439c7d9d,SFZN.SW_2015_2025_locked_snapshot_v1.json,60ccdef83691806ff8c5d8713cc1fa5e58cc905122c8b4de2e9136759419a7f1,external_verified_lock_and_promotion_chain,SFZN.SW_2022.pdf,,validated,3B,reports/extraction/SFZN.SW/SFZN.SW_phase_3B_2023_2021_validation_report.md,"Validated Phase 3B consolidated annual report row; values agree across JSON, raw CSV, and normalized CSV; EPS and DPS remain pre-2025 split basis.",capex_calculated is a negative cash outflow; free_cash_flow_calculated = operating_cf + capex_calculated; equity_ratio_pct = total_equity / total_assets; ebitda = ebit + da when statutory EBIT and D&A are both validated.
SFZN.SW-2023,SFZN.SW,Siegfried Holding AG,2023,SFZN.SW_2015_2025_locked_snapshot_v1.csv,0c879f1d1086427ab6ca8268f331fad82baeea967cbb5f315fd4ede5439c7d9d,SFZN.SW_2015_2025_locked_snapshot_v1.json,60ccdef83691806ff8c5d8713cc1fa5e58cc905122c8b4de2e9136759419a7f1,external_verified_lock_and_promotion_chain,SFZN.SW_2023.pdf,,validated,3B,reports/extraction/SFZN.SW/SFZN.SW_phase_3B_2023_2021_validation_report.md,"Validated Phase 3B consolidated annual report row; values agree across JSON, raw CSV, and normalized CSV; EPS and DPS remain pre-2025 split basis.",capex_calculated is a negative cash outflow; free_cash_flow_calculated = operating_cf + capex_calculated; equity_ratio_pct = total_equity / total_assets; ebitda = ebit + da when statutory EBIT and D&A are both validated.
SFZN.SW-2024,SFZN.SW,Siegfried Holding AG,2024,SFZN.SW_2015_2025_locked_snapshot_v1.csv,0c879f1d1086427ab6ca8268f331fad82baeea967cbb5f315fd4ede5439c7d9d,SFZN.SW_2015_2025_locked_snapshot_v1.json,60ccdef83691806ff8c5d8713cc1fa5e58cc905122c8b4de2e9136759419a7f1,external_verified_lock_and_promotion_chain,SFZN.SW_2024.pdf,,validated,2B,reports/extraction/SFZN.SW/SFZN.SW_2024_phase_2B_confirmation_validation.md,Validated Phase 2B consolidated annual report row; CHF reporting and market currency; EBITDA calculated; EPS and DPS remain pre-2025 split basis; proposed par value reduction preserved.,capex_calculated is a negative cash outflow; free_cash_flow_calculated = operating_cf + capex_calculated; equity_ratio_pct = total_equity / total_assets; ebitda = ebit + da when statutory EBIT and D&A are both validated.
SFZN.SW-2025,SFZN.SW,Siegfried Holding AG,2025,SFZN.SW_2015_2025_locked_snapshot_v1.csv,0c879f1d1086427ab6ca8268f331fad82baeea967cbb5f315fd4ede5439c7d9d,SFZN.SW_2015_2025_locked_snapshot_v1.json,60ccdef83691806ff8c5d8713cc1fa5e58cc905122c8b4de2e9136759419a7f1,external_verified_lock_and_promotion_chain,SFZN.SW_2025.pdf,,validated,1B,reports/extraction/SFZN.SW/SFZN.SW_phase_1B_2025_reference_validation.md,Validated Phase 1B consolidated annual report row; CHF reporting and market currency; EBITDA calculated from statutory EBIT plus D&A; proposed par value repayment preserved as dividend_per_share note.,capex_calculated is a negative cash outflow; free_cash_flow_calculated = operating_cf + capex_calculated; equity_ratio_pct = total_equity / total_assets; ebitda = ebit + da when statutory EBIT and D&A are both validated.
